"","precipIntensity","temperatureMax","windSpeed","humidity","date"
"1",0.00237,46.73,6.85,0.68,2011-04-01
"2",0,59.25,10.35,0.64,2011-04-02
"3",0.00158,73.37,14.26,0.54,2011-04-03
"4",0.00555,67.7,17.61,0.7,2011-04-04
"5",0,50.22,11.58,0.5,2011-04-05
"6",0,54.53,10.14,0.58,2011-04-06
"7",0.00848,43.13,8.54,0.87,2011-04-07
"8",0.01369,50.19,11.22,0.93,2011-04-08
"9",0,64.17,7.31,0.81,2011-04-09
"10",0,80.84,19.67,0.66,2011-04-10
"11",0.0041,73.19,14.11,0.6,2011-04-11
"12",0,52.41,12.71,0.53,2011-04-12
"13",0,60.14,4.48,0.49,2011-04-13
"14",0,55.77,17.68,0.67,2011-04-14
"15",0.0088,50.47,20.15,0.69,2011-04-15
"16",0.00755,49.71,15.28,0.83,2011-04-16
"17",0,50.7,15.37,0.6,2011-04-17
"18",0.0121,44.67,16.26,0.84,2011-04-18
"19",0.02552,41.72,19.54,0.88,2011-04-19
"20",0.00056,43.93,14.17,0.8,2011-04-20
"21",0.00099,43.91,8.6,0.7,2011-04-21
"22",0.01522,51.1,13.57,0.91,2011-04-22
"23",0.00014,64.2,13.58,0.73,2011-04-23
"24",0,53.17,7.46,0.71,2011-04-24
"25",0.00591,52.57,10.4,0.77,2011-04-25
"26",0.03406,65.56,16.73,0.83,2011-04-26
"27",0.00919,54.78,6.98,0.82,2011-04-27
"28",0.00083,49.49,14.51,0.71,2011-04-28
"29",0,59.8,9.6,0.55,2011-04-29
"30",0,69.64,17.52,0.5,2011-04-30
"31",0,64.56,13.26,0.53,2011-05-01
"32",0,53.95,9.97,0.47,2011-05-02
"33",0,46.44,11.41,0.59,2011-05-03
"34",0,54.61,8.95,0.54,2011-05-04
"35",0.00424,62.36,12.26,0.59,2011-05-05
"36",0,66.01,10.18,0.6,2011-05-06
"37",0,61.49,8.8,0.69,2011-05-07
"38",0,61.66,8.35,0.69,2011-05-08
"39",0,76.26,13.48,0.52,2011-05-09
"40",0,80.31,11.77,0.57,2011-05-10
"41",0.00342,81.8,9.55,0.72,2011-05-11
"42",0.00699,83.45,8.09,0.71,2011-05-12
"43",7e-04,73.8,12.51,0.81,2011-05-13
"44",0.01117,47.9,21.94,0.9,2011-05-14
"45",0.01417,46.35,23.48,0.81,2011-05-15
"46",0,48.33,17.64,0.57,2011-05-16
"47",0,51.89,15,0.58,2011-05-17
"48",0.00112,54.68,9.47,0.84,2011-05-18
"49",0,60.98,6.46,0.83,2011-05-19
"50",0,63.08,5.17,0.8,2011-05-20
"51",0.00014,71.55,8.97,0.76,2011-05-21
"52",0.00673,83.82,13.57,0.67,2011-05-22
"53",0.00186,78.57,13.52,0.67,2011-05-23
"54",0,70.09,12.09,0.71,2011-05-24
"55",0.04551,62.54,12.16,0.86,2011-05-25
"56",0.0385,48.55,23.65,0.84,2011-05-26
"57",0.00055,53.86,10.6,0.71,2011-05-27
"58",0.00526,64.63,7.74,0.88,2011-05-28
"59",0.03481,78.81,7.72,0.91,2011-05-29
"60",0,88.4,13.68,0.68,2011-05-30
"61",0.00229,84.42,15.3,0.61,2011-05-31
"62",0,80.99,13.2,0.45,2011-06-01
"63",0,70.63,9.37,0.55,2011-06-02
"64",0.00535,83.55,11.18,0.61,2011-06-03
"65",0.01512,86.84,10.36,0.65,2011-06-04
"66",0.00027,75.73,5.35,0.61,2011-06-05
"67",0,91.91,9.57,0.57,2011-06-06
"68",0,95.01,11.76,0.53,2011-06-07
"69",0,94.01,15.07,0.5,2011-06-08
"70",0.07222,69.83,13.37,0.85,2011-06-09
"71",0.02682,64.07,9.86,0.87,2011-06-10
"72",0.00125,58.68,7.77,0.88,2011-06-11
"73",0,60.99,9.65,0.67,2011-06-12
"74",0,65.6,8.11,0.51,2011-06-13
"75",0.0024,70.06,8.14,0.55,2011-06-14
"76",0.02128,71.64,12.83,0.76,2011-06-15
"77",0.00139,77.22,8.7,0.74,2011-06-16
"78",0,73.45,6.46,0.68,2011-06-17
"79",0,75.19,6.47,0.72,2011-06-18
"80",0,77.79,6.52,0.74,2011-06-19
"81",0.01837,79.12,9.55,0.8,2011-06-20
"82",0.01113,86.44,13.92,0.75,2011-06-21
"83",0.00069,73.16,14.62,0.77,2011-06-22
"84",0.00151,70.75,13.74,0.79,2011-06-23
"85",0,69.86,9.7,0.73,2011-06-24
"86",0,71.57,5.73,0.57,2011-06-25
"87",0,72.93,6.06,0.54,2011-06-26
"88",0.00302,79.51,9.96,0.72,2011-06-27
"89",0,76.44,9.01,0.54,2011-06-28
"90",0,76.33,5.52,0.59,2011-06-29
"91",0,83.85,10.61,0.61,2011-06-30
"92",0.00109,83.59,14.98,0.62,2011-07-01
"93",0,91.28,9.02,0.7,2011-07-02
"94",0,76.34,6.09,0.59,2011-07-03
"95",0,82.19,4.37,0.44,2011-07-04
"96",0,85.36,5.71,0.5,2011-07-05
"97",0,81.2,7.18,0.58,2011-07-06
"98",0.00191,75.79,6.68,0.53,2011-07-07
"99",0,81.33,6.72,0.55,2011-07-08
"100",0,86.04,6.45,0.49,2011-07-09
"101",0,87.31,10.04,0.61,2011-07-10
"102",0.00858,88.69,9.5,0.72,2011-07-11
"103",0.00042,80.79,7.81,0.67,2011-07-12
"104",0,71.4,13.25,0.63,2011-07-13
"105",0,76.09,9.46,0.6,2011-07-14
"106",0,80.64,7.53,0.56,2011-07-15
"107",0,84.55,4.18,0.54,2011-07-16
"108",0,90.4,7.09,0.6,2011-07-17
"109",0.00014,90.71,11.85,0.68,2011-07-18
"110",0,85.16,7.2,0.7,2011-07-19
"111",0.00029,97.45,9.77,0.62,2011-07-20
"112",0.00027,96.78,9.39,0.58,2011-07-21
"113",0.0186,86.56,8.76,0.7,2011-07-22
"114",0.07502,82.1,7.06,0.79,2011-07-23
"115",0.00395,82.73,6.29,0.76,2011-07-24
"116",0.00055,79.84,7.13,0.73,2011-07-25
"117",0.00027,81.4,8.65,0.64,2011-07-26
"118",0.00616,88.94,11.25,0.63,2011-07-27
"119",0.00969,82.45,8.46,0.78,2011-07-28
"120",0.01013,81.04,6.87,0.75,2011-07-29
"121",0,84.39,4.01,0.64,2011-07-30
"122",0,88.31,5.27,0.67,2011-07-31
"123",0,87.69,6.12,0.69,2011-08-01
"124",0.00923,91.11,9.86,0.69,2011-08-02
"125",0,80.83,10.44,0.71,2011-08-03
"126",0,78.11,7.79,0.74,2011-08-04
"127",0,79.84,6.05,0.73,2011-08-05
"128",0.02483,80.34,4.7,0.8,2011-08-06
"129",0.02371,85.35,6.93,0.79,2011-08-07
"130",0.01257,77.5,7.33,0.8,2011-08-08
"131",0.00142,80.21,11.8,0.7,2011-08-09
"132",0,74.73,8.97,0.59,2011-08-10
"133",0,77.32,5.91,0.57,2011-08-11
"134",0.00055,79.57,9.74,0.61,2011-08-12
"135",0.01609,80.98,8.18,0.74,2011-08-13
"136",0.00027,73.57,17.59,0.76,2011-08-14
"137",0,78.05,6.17,0.65,2011-08-15
"138",0,79.65,4.92,0.59,2011-08-16
"139",0,81.89,6.93,0.64,2011-08-17
"140",0,79.59,6.24,0.65,2011-08-18
"141",0,81.17,5.89,0.62,2011-08-19
"142",0.01634,76.62,6.02,0.79,2011-08-20
"143",0.00027,77.55,7.33,0.65,2011-08-21
"144",0,77.56,5.2,0.66,2011-08-22
"145",0.0094,79.98,11.72,0.79,2011-08-23
"146",0,90.66,12.92,0.68,2011-08-24
"147",0,75.61,9.15,0.62,2011-08-25
"148",0,76.72,4.49,0.66,2011-08-26
"149",0,76.97,11.1,0.7,2011-08-27
"150",0,72.6,12.09,0.61,2011-08-28
"151",0,75.37,5.67,0.64,2011-08-29
"152",0.00042,80.6,8.37,0.58,2011-08-30
"153",0.00207,88.08,8.94,0.66,2011-08-31
"154",0,92.49,6.78,0.65,2011-09-01
"155",0.00014,90.55,9.64,0.6,2011-09-02
"156",0.00124,82.3,6.01,0.72,2011-09-03
"157",0.00014,71.91,11.67,0.67,2011-09-04
"158",0,63.29,19.05,0.62,2011-09-05
"159",0,64.23,15.31,0.58,2011-09-06
"160",0,66.74,15.87,0.59,2011-09-07
"161",0.00219,69.46,17.52,0.66,2011-09-08
"162",0.00109,69.06,10.44,0.84,2011-09-09
"163",0.00055,73.79,3.25,0.79,2011-09-10
"164",0,79.63,5.03,0.69,2011-09-11
"165",0,84.23,11.15,0.61,2011-09-12
"166",0,74.55,11.03,0.61,2011-09-13
"167",0.00142,61.71,8.41,0.7,2011-09-14
"168",0,57.17,11.53,0.53,2011-09-15
"169",0,60.69,5.02,0.59,2011-09-16
"170",0,66.54,10.47,0.57,2011-09-17
"171",0.01055,64.83,11.29,0.78,2011-09-18
"172",0.01213,67.25,7.73,0.84,2011-09-19
"173",0.00027,72.08,7.17,0.74,2011-09-20
"174",0,70.89,11.33,0.61,2011-09-21
"175",0,62.54,7.89,0.67,2011-09-22
"176",0,59.19,7.47,0.7,2011-09-23
"177",0.00447,60.1,6.06,0.77,2011-09-24
"178",0.00082,63.37,8.11,0.82,2011-09-25
"179",0.02815,62.03,14.73,0.82,2011-09-26
"180",0.00932,59.36,10.2,0.89,2011-09-27
"181",0.01202,60.76,8.2,0.87,2011-09-28
"182",0.00305,64.91,11.81,0.8,2011-09-29
"183",0.00512,54.97,20.11,0.68,2011-09-30
"184",0.00109,54.55,16.48,0.69,2011-10-01
"185",0,61.17,6.98,0.66,2011-10-02
"186",0,63.88,5.78,0.65,2011-10-03
"187",0,68.12,3.11,0.69,2011-10-04
"188",0,75.53,4.61,0.6,2011-10-05
"189",0,75.85,6.46,0.58,2011-10-06
"190",0,80.98,8.67,0.53,2011-10-07
"191",0,81.52,7.98,0.56,2011-10-08
"192",0,73.33,5.78,0.57,2011-10-09
"193",0,74.46,6.8,0.6,2011-10-10
"194",0,73.66,6.11,0.6,2011-10-11
"195",0.00027,71.26,7.94,0.58,2011-10-12
"196",0.00983,64.09,7.43,0.82,2011-10-13
"197",0,59.63,16.39,0.61,2011-10-14
"198",0,61,16.8,0.52,2011-10-15
"199",0.00572,59.27,9.17,0.59,2011-10-16
"200",0,56.87,13.08,0.54,2011-10-17
"201",0.00249,52.32,10.34,0.72,2011-10-18
"202",0.02747,49,25.38,0.81,2011-10-19
"203",0.00595,46.44,18.91,0.79,2011-10-20
"204",0,55.67,6.98,0.67,2011-10-21
"205",0,65.02,5.81,0.61,2011-10-22
"206",0,66.78,6.96,0.61,2011-10-23
"207",0.01113,66.04,9.7,0.63,2011-10-24
"208",0.00056,73,13.43,0.54,2011-10-25
"209",0.00355,55.55,15.65,0.81,2011-10-26
"210",0.00082,48.85,9.09,0.7,2011-10-27
"211",0.00029,53.12,6.72,0.66,2011-10-28
"212",0.00085,53.93,7,0.6,2011-10-29
"213",0.00474,56.11,12.7,0.63,2011-10-30
"214",0,56.33,6.73,0.72,2011-10-31
"215",0,64.71,11.45,0.61,2011-11-01
"216",0,64.49,14.21,0.53,2011-11-02
"217",0.00975,48.56,22.91,0.82,2011-11-03
"218",0,49.25,10.7,0.67,2011-11-04
"219",0,56.47,12.03,0.56,2011-11-05
"220",0.00052,58.34,17.46,0.62,2011-11-06
"221",0.00426,54.58,5.19,0.79,2011-11-07
"222",0.03592,54.45,12.38,0.91,2011-11-08
"223",0.01216,59.45,15.73,0.84,2011-11-09
"224",0.00014,39.9,13.19,0.73,2011-11-10
"225",0,49.97,11.02,0.69,2011-11-11
"226",0,59.92,15.74,0.61,2011-11-12
"227",0,70.37,20.75,0.6,2011-11-13
"228",0.00042,52.77,6.09,0.7,2011-11-14
"229",0,62.34,9.31,0.67,2011-11-15
"230",0,47.85,12.7,0.42,2011-11-16
"231",0,41.61,12.94,0.48,2011-11-17
"232",0,51.76,20.13,0.41,2011-11-18
"233",0,57.55,19.18,0.57,2011-11-19
"234",0,56.3,14.72,0.72,2011-11-20
"235",0.00056,44.48,11.39,0.74,2011-11-21
"236",0.01038,43.73,14.24,0.84,2011-11-22
"237",0,47.08,6.67,0.79,2011-11-23
"238",0,50.84,15.28,0.86,2011-11-24
"239",0.00042,57.23,17.64,0.74,2011-11-25
"240",0.02238,57.39,14.58,0.8,2011-11-26
"241",0.00625,47.55,13.85,0.85,2011-11-27
"242",0,39.77,14.5,0.75,2011-11-28
"243",0,43.27,27.33,0.67,2011-11-29
"244",0,43.22,9.11,0.53,2011-11-30
"245",0,45.64,8.37,0.61,2011-12-01
"246",0.00014,44.66,9.38,0.77,2011-12-02
"247",0.00882,49.45,14.62,0.73,2011-12-03
"248",0.0029,52.32,15.1,0.8,2011-12-04
"249",0.00128,41.14,12.42,0.76,2011-12-05
"250",0,37.53,13.11,0.65,2011-12-06
"251",0,34.34,10.62,0.62,2011-12-07
"252",0,35.73,7.32,0.68,2011-12-08
"253",0.00014,31.3,10.44,0.63,2011-12-09
"254",0,30.98,10.44,0.55,2011-12-10
"255",0,42.17,13.59,0.64,2011-12-11
"256",0,44.41,9.06,0.6,2011-12-12
"257",0.00224,47.27,6.4,0.71,2011-12-13
"258",0.04651,54,15.13,0.92,2011-12-14
"259",0.00029,56.2,18.43,0.74,2011-12-15
"260",0,33.19,9.27,0.65,2011-12-16
"261",0.00099,36.69,6.86,0.81,2011-12-17
"262",0,43.16,11.29,0.77,2011-12-18
"263",0,49.83,14,0.67,2011-12-19
"264",0,38.77,9.49,0.74,2011-12-20
"265",0.00083,42.36,7.02,0.9,2011-12-21
"266",0.00069,39.32,10.86,0.85,2011-12-22
"267",0,33.85,10.61,0.67,2011-12-23
"268",0,37.88,10.99,0.73,2011-12-24
"269",0,44.03,14.64,0.62,2011-12-25
"270",0.00083,44.31,9.74,0.71,2011-12-26
"271",0.00631,39.88,12.74,0.79,2011-12-27
"272",0,36.42,8.44,0.65,2011-12-28
"273",0.00029,47.04,12.28,0.74,2011-12-29
"274",0.00975,44.53,9.37,0.89,2011-12-30
"275",0,39.73,12.36,0.85,2011-12-31
"276",0.00112,44.56,21.43,0.68,2012-01-01
"277",0,29.56,19.86,0.59,2012-01-02
"278",0,31.02,12.48,0.56,2012-01-03
"279",0,41.88,11.02,0.58,2012-01-04
"280",0,48.46,10.29,0.63,2012-01-05
"281",0,54.11,9.75,0.57,2012-01-06
"282",0,44.65,8.81,0.63,2012-01-07
"283",0,41.39,3.89,0.72,2012-01-08
"284",0,46,12.53,0.7,2012-01-09
"285",0,50.01,7.44,0.65,2012-01-10
"286",0.00014,45.99,5.45,0.7,2012-01-11
"287",0.00478,35.82,11.43,0.85,2012-01-12
"288",0.00014,22.21,13.9,0.72,2012-01-13
"289",0,23.3,7.08,0.69,2012-01-14
"290",0,35.68,11.73,0.71,2012-01-15
"291",0.0022,43.75,12.82,0.76,2012-01-16
"292",0.00208,39.71,14.99,0.82,2012-01-17
"293",0,25.48,11.93,0.64,2012-01-18
"294",0.00056,27.53,13.95,0.57,2012-01-19
"295",0.01142,22.75,8.17,0.67,2012-01-20
"296",0,30.85,10.68,0.75,2012-01-21
"297",0.00594,41,15.5,0.88,2012-01-22
"298",0.00655,45.82,18.21,0.85,2012-01-23
"299",0,36.37,11.32,0.71,2012-01-24
"300",0,34.29,4.9,0.81,2012-01-25
"301",0,36.73,4.77,0.87,2012-01-26
"302",7e-04,42.24,10.07,0.64,2012-01-27
"303",0.00152,33.22,17.26,0.7,2012-01-28
"304",0,39.3,13.28,0.66,2012-01-29
"305",0,53.58,14.39,0.64,2012-01-30
"306",0,56.39,17.07,0.69,2012-01-31
"307",0,46.43,5.8,0.8,2012-02-01
"308",0,42.13,4.44,0.85,2012-02-02
"309",0,37.59,7.63,0.82,2012-02-03
"310",0,37.99,10.01,0.8,2012-02-04
"311",0,39.42,6.63,0.78,2012-02-05
"312",0,32.38,11.4,0.85,2012-02-06
"313",0,35.38,12.06,0.77,2012-02-07
"314",0,33.82,10.67,0.62,2012-02-08
"315",0,34.56,11.39,0.66,2012-02-09
"316",0.00201,34.8,15.73,0.74,2012-02-10
"317",0,26.22,17.02,0.52,2012-02-11
"318",0,35.27,12.64,0.45,2012-02-12
"319",0.00043,35.38,9.98,0.58,2012-02-13
"320",0.00027,37.39,9.33,0.82,2012-02-14
"321",0.00474,41.13,10.72,0.8,2012-02-15
"322",0.00358,45.99,9.83,0.72,2012-02-16
"323",0,48.29,9.82,0.63,2012-02-17
"324",0,37.61,10.86,0.63,2012-02-18
"325",0,35.44,8.28,0.63,2012-02-19
"326",0,43.21,10.16,0.63,2012-02-20
"327",0.00207,41.09,13.48,0.79,2012-02-21
"328",0.00056,40.84,7.92,0.81,2012-02-22
"329",0.00405,37.32,8.43,0.92,2012-02-23
"330",0.00839,34.67,17.8,0.82,2012-02-24
"331",0,39.07,12.22,0.65,2012-02-25
"332",0,50.32,15.55,0.59,2012-02-26
"333",0,42.11,12.4,0.59,2012-02-27
"334",0.00167,42.05,9.8,0.66,2012-02-28
"335",0.00529,59.34,20,0.71,2012-02-29
"336",0,39.14,9.93,0.78,2012-03-01
"337",0.00378,39.56,14.42,0.82,2012-03-02
"338",0,35.41,18.59,0.67,2012-03-03
"339",0,33.08,9.2,0.69,2012-03-04
"340",0,50.81,11.49,0.61,2012-03-05
"341",0,66.91,23.22,0.47,2012-03-06
"342",0,66.23,26.82,0.46,2012-03-07
"343",0.00488,61.3,16.31,0.63,2012-03-08
"344",0,45.89,13.92,0.39,2012-03-09
"345",0,60.61,16.92,0.43,2012-03-10
"346",0,64.62,13,0.42,2012-03-11
"347",0.0088,65.7,16.01,0.73,2012-03-12
"348",0,65.9,7.78,0.52,2012-03-13
"349",0,78.83,12.59,0.57,2012-03-14
"350",0,80.16,10.36,0.68,2012-03-15
"351",0,74.22,5.72,0.61,2012-03-16
"352",0,78.35,11.95,0.59,2012-03-17
"353",0,79.92,10.24,0.6,2012-03-18
"354",0.00043,74.51,10.68,0.67,2012-03-19
"355",0,85.22,14.11,0.44,2012-03-20
"356",0,81.78,9.02,0.48,2012-03-21
"357",0.00339,75.7,6.38,0.6,2012-03-22
"358",0.03229,60.65,5.39,0.87,2012-03-23
"359",0.00027,55.59,7.26,0.91,2012-03-24
"360",0.00027,61.2,7.77,0.79,2012-03-25
"361",0,61.07,17.96,0.62,2012-03-26
"362",0,70.47,19.83,0.41,2012-03-27
"363",0,65.72,13.7,0.55,2012-03-28
"364",0,46.05,11.26,0.66,2012-03-29
"365",0.019,48.94,11.6,0.78,2012-03-30
"366",0,45.52,8.96,0.78,2012-03-31
"367",0.00496,55.11,10.43,0.78,2012-04-01
"368",0,58.49,12.57,0.59,2012-04-02
"369",0,61.37,11.84,0.56,2012-04-03
"370",0,52.08,16.8,0.52,2012-04-04
"371",0,46.36,18.93,0.6,2012-04-05
"372",0,54.5,11.66,0.54,2012-04-06
"373",0,63.36,8.22,0.47,2012-04-07
"374",0,63.55,13.23,0.47,2012-04-08
"375",0,60.74,14.9,0.4,2012-04-09
"376",0,43.31,14.89,0.41,2012-04-10
"377",0,49.07,9.7,0.51,2012-04-11
"378",0,55.94,6.39,0.5,2012-04-12
"379",0,63.02,11.97,0.41,2012-04-13
"380",0.01066,67.35,9.99,0.73,2012-04-14
"381",0.05744,74.2,17.37,0.73,2012-04-15
"382",0.00221,65.09,22.75,0.65,2012-04-16
"383",0,58.51,7.98,0.62,2012-04-17
"384",0.00124,70.17,12.81,0.55,2012-04-18
"385",0,61.13,10.86,0.71,2012-04-19
"386",0.00083,48.62,17.5,0.78,2012-04-20
"387",0,46.55,12.24,0.61,2012-04-21
"388",0,48.61,16.81,0.48,2012-04-22
"389",0,53.95,12.42,0.39,2012-04-23
"390",0,57.69,7.57,0.37,2012-04-24
"391",0.0028,57.91,9.58,0.64,2012-04-25
"392",0,51.68,14.73,0.71,2012-04-26
"393",0,47.94,12.82,0.5,2012-04-27
"394",0.00872,49.79,16.65,0.67,2012-04-28
"395",0.00608,55.3,11.76,0.65,2012-04-29
"396",0.01372,58.97,6.19,0.83,2012-04-30
"397",0.00604,67.05,7.23,0.8,2012-05-01
"398",0.00487,78.99,11.33,0.72,2012-05-02
"399",0.0096,83.95,14,0.67,2012-05-03
"400",0.01276,72.31,12.56,0.8,2012-05-04
"401",0,57.11,9.12,0.86,2012-05-05
"402",0.02183,64.6,8.23,0.79,2012-05-06
"403",0.02074,59.97,6.29,0.88,2012-05-07
"404",0.00027,67.98,8.2,0.62,2012-05-08
"405",0.00086,59.67,8.65,0.64,2012-05-09
"406",0,66.8,7.16,0.51,2012-05-10
"407",0.00027,75.81,10.03,0.4,2012-05-11
"408",0.00699,69.6,10.51,0.6,2012-05-12
"409",0,65.25,9.71,0.42,2012-05-13
"410",0,73.65,5.37,0.39,2012-05-14
"411",0.00115,82.74,12.28,0.37,2012-05-15
"412",0,66.11,12.48,0.46,2012-05-16
"413",0,69.99,5.67,0.46,2012-05-17
"414",0,76.75,9.28,0.36,2012-05-18
"415",0,85.59,10.26,0.41,2012-05-19
"416",0.00178,88.89,11.88,0.49,2012-05-20
"417",0.00247,66.01,14.13,0.58,2012-05-21
"418",0,68.35,9.07,0.52,2012-05-22
"419",0,75.94,6.96,0.47,2012-05-23
"420",0,85.32,16.83,0.42,2012-05-24
"421",0,78.2,11.16,0.49,2012-05-25
"422",0,80.22,10.93,0.53,2012-05-26
"423",0,93.76,11.34,0.46,2012-05-27
"424",0.00027,91.35,16.52,0.43,2012-05-28
"425",0.00027,82.3,12.43,0.39,2012-05-29
"426",0.00246,67.61,10.35,0.57,2012-05-30
"427",0.03212,56.02,13.88,0.76,2012-05-31
"428",0.00302,63.56,13.04,0.71,2012-06-01
"429",0,73.81,12.15,0.56,2012-06-02
"430",0,78.18,9.67,0.52,2012-06-03
"431",0,69.53,9.87,0.52,2012-06-04
"432",0,64.83,10.52,0.62,2012-06-05
"433",0,68.76,7.09,0.55,2012-06-06
"434",0,76.03,5.56,0.47,2012-06-07
"435",0,84.3,7.55,0.4,2012-06-08
"436",0,86.88,10.87,0.38,2012-06-09
"437",0,88.31,11.88,0.42,2012-06-10
"438",0,85.4,11.7,0.57,2012-06-11
"439",0,77.27,11.91,0.45,2012-06-12
"440",0,72.6,8.77,0.53,2012-06-13
"441",0,79.47,9.61,0.46,2012-06-14
"442",0,85.54,10.27,0.35,2012-06-15
"443",0.00112,91.01,13.34,0.49,2012-06-16
"444",0.01897,83.37,8.97,0.63,2012-06-17
"445",0,90.3,18.06,0.56,2012-06-18
"446",0,90.06,16.44,0.51,2012-06-19
"447",0,90.06,16.06,0.47,2012-06-20
"448",0.00096,82.07,10.72,0.54,2012-06-21
"449",0,76.94,7.83,0.47,2012-06-22
"450",0,77.55,5.74,0.52,2012-06-23
"451",0,84.59,7.38,0.5,2012-06-24
"452",0,71.28,17.05,0.51,2012-06-25
"453",0,79.49,7.69,0.5,2012-06-26
"454",0.00137,87.79,12.09,0.45,2012-06-27
"455",0.00029,97.12,11.04,0.5,2012-06-28
"456",0.00555,84.03,6.85,0.59,2012-06-29
"457",0.00432,86.37,7.47,0.7,2012-06-30
"458",0.01613,87.08,5.23,0.68,2012-07-01
"459",0,90.83,6.71,0.62,2012-07-02
"460",0,94.71,10.98,0.52,2012-07-03
"461",0,98.99,9.86,0.52,2012-07-04
"462",0,97.34,7.12,0.52,2012-07-05
"463",0,92.26,6.95,0.56,2012-07-06
"464",0,91.72,11.64,0.61,2012-07-07
"465",0,78.88,14.41,0.52,2012-07-08
"466",0,81.49,7.08,0.52,2012-07-09
"467",0,77.42,11.92,0.54,2012-07-10
"468",0,80.87,9.71,0.53,2012-07-11
"469",0.00083,86.21,9.33,0.44,2012-07-12
"470",0.001,87.34,8.23,0.55,2012-07-13
"471",0,83.51,6.13,0.67,2012-07-14
"472",0,87.51,7.96,0.6,2012-07-15
"473",0,94.92,8.27,0.52,2012-07-16
"474",0,97.42,10.55,0.5,2012-07-17
"475",0.00731,83.92,7.71,0.7,2012-07-18
"476",0.03195,79.55,10.89,0.81,2012-07-19
"477",0.00027,79.66,13.24,0.63,2012-07-20
"478",0,85.44,5.17,0.6,2012-07-21
"479",0,88.93,6.99,0.6,2012-07-22
"480",0.00055,94.35,12.32,0.5,2012-07-23
"481",0.0184,87.63,8.65,0.66,2012-07-24
"482",0.00206,98.15,12.83,0.57,2012-07-25
"483",0.01115,89.55,11.25,0.69,2012-07-26
"484",7e-04,80.93,9.38,0.69,2012-07-27
"485",0,78,9.76,0.61,2012-07-28
"486",0,84.33,7.26,0.55,2012-07-29
"487",0,88.03,8.77,0.49,2012-07-30
"488",0.00923,82.11,9.26,0.65,2012-07-31
"489",0,82.6,6.27,0.6,2012-08-01
"490",0,87.73,8.25,0.54,2012-08-02
"491",0,86.41,6.54,0.59,2012-08-03
"492",0.00901,89.19,8.62,0.69,2012-08-04
"493",0,81.13,9.88,0.6,2012-08-05
"494",0,85.68,6.42,0.54,2012-08-06
"495",0,91.17,7.41,0.51,2012-08-07
"496",0.00027,81.53,9.57,0.64,2012-08-08
"497",0.00072,74.83,11.53,0.71,2012-08-09
"498",0.00786,72.52,17.59,0.66,2012-08-10
"499",0,73.86,10.45,0.57,2012-08-11
"500",0.00042,74.89,5.04,0.62,2012-08-12
"501",0.01216,71.1,3.7,0.83,2012-08-13
"502",0.00027,78.71,5.49,0.72,2012-08-14
"503",0,84.69,6.23,0.63,2012-08-15
"504",0.01129,75.26,10.91,0.69,2012-08-16
"505",0,71.71,8.69,0.6,2012-08-17
"506",0,73.74,6.58,0.55,2012-08-18
"507",0,74.28,4.77,0.49,2012-08-19
"508",0.01657,72.54,4.77,0.65,2012-08-20
"509",0,77.38,5.21,0.6,2012-08-21
"510",0,81.71,7.26,0.51,2012-08-22
"511",0.00043,87.53,9.14,0.45,2012-08-23
"512",0,88.32,9.98,0.45,2012-08-24
"513",0.00608,88.82,8.76,0.47,2012-08-25
"514",0.04592,79.24,8.6,0.74,2012-08-26
"515",0,80.64,5.73,0.68,2012-08-27
"516",0,79.27,6.21,0.65,2012-08-28
"517",0,81.36,6.14,0.58,2012-08-29
"518",0,88.35,11.47,0.52,2012-08-30
"519",0.00027,90.47,11.35,0.56,2012-08-31
"520",0.0041,76.57,11.03,0.76,2012-09-01
"521",0,80.38,11.86,0.8,2012-09-02
"522",0,80.71,7.3,0.73,2012-09-03
"523",0.01152,81.75,7.15,0.73,2012-09-04
"524",0.01243,84.62,9.02,0.7,2012-09-05
"525",0,79.65,6.73,0.63,2012-09-06
"526",0.00633,75.4,9.5,0.71,2012-09-07
"527",0.00535,71.02,12.06,0.6,2012-09-08
"528",0.00495,70.1,11.77,0.69,2012-09-09
"529",0,75.9,6.6,0.56,2012-09-10
"530",0,81.73,12.61,0.51,2012-09-11
"531",0.00029,84.48,11.54,0.54,2012-09-12
"532",0.00392,72.71,12.14,0.69,2012-09-13
"533",0.00027,72.36,7.72,0.58,2012-09-14
"534",0,74.54,5.95,0.51,2012-09-15
"535",0.00069,76.22,6.14,0.51,2012-09-16
"536",0.00682,76.19,8.89,0.68,2012-09-17
"537",0,64.3,14.25,0.57,2012-09-18
"538",0,71.57,15.11,0.48,2012-09-19
"539",0.00125,70.02,10.89,0.46,2012-09-20
"540",0.00445,60.55,7.53,0.65,2012-09-21
"541",0.00042,58.05,12.58,0.67,2012-09-22
"542",0,61.88,7.73,0.56,2012-09-23
"543",0,69.95,12.28,0.47,2012-09-24
"544",0,74.13,11.11,0.59,2012-09-25
"545",0,65.82,11.15,0.72,2012-09-26
"546",0,62.57,9.29,0.62,2012-09-27
"547",0,65.78,9.39,0.68,2012-09-28
"548",0,72.88,6.47,0.62,2012-09-29
"549",0,62.87,10.48,0.66,2012-09-30
"550",0,63.78,6.03,0.65,2012-10-01
"551",7e-04,65.84,12.33,0.64,2012-10-02
"552",0.00442,64.79,7.21,0.82,2012-10-03
"553",0.00112,77.85,13.66,0.68,2012-10-04
"554",0,53.47,10.76,0.56,2012-10-05
"555",0,48.19,10.42,0.51,2012-10-06
"556",0,51.55,8.86,0.47,2012-10-07
"557",0,59.25,13.84,0.47,2012-10-08
"558",0.00366,64.72,17.35,0.53,2012-10-09
"559",0.00247,55.54,12.59,0.62,2012-10-10
"560",0.00014,64.69,15.14,0.51,2012-10-11
"561",0.00206,57.57,11.57,0.57,2012-10-12
"562",0.01092,66.84,14.66,0.74,2012-10-13
"563",0.01556,69.25,16.99,0.84,2012-10-14
"564",0,58.94,9.79,0.68,2012-10-15
"565",0.00056,66.87,14.21,0.63,2012-10-16
"566",0.00801,67,18.77,0.68,2012-10-17
"567",0.00207,55.36,15.53,0.73,2012-10-18
"568",0.0063,50.44,8.68,0.82,2012-10-19
"569",0,59.11,8.91,0.74,2012-10-20
"570",0,65.98,7.89,0.71,2012-10-21
"571",0.01065,65.01,8.85,0.81,2012-10-22
"572",0.00426,69.59,6.71,0.88,2012-10-23
"573",0.00085,76.82,12.04,0.75,2012-10-24
"574",0.0096,76.28,16.61,0.71,2012-10-25
"575",0,48.23,12.78,0.57,2012-10-26
"576",0,46.64,14.35,0.58,2012-10-27
"577",0,47.6,17.98,0.57,2012-10-28
"578",0,48.69,20.84,0.6,2012-10-29
"579",0,45.65,25.34,0.53,2012-10-30
"580",0,46.07,14.37,0.55,2012-10-31
"581",0,51.22,9.44,0.44,2012-11-01
"582",0,45.44,11.71,0.62,2012-11-02
"583",0,43.23,9.3,0.67,2012-11-03
"584",0,45.56,8.88,0.68,2012-11-04
"585",0.00042,42.07,7.22,0.69,2012-11-05
"586",0.00322,41.57,7.36,0.79,2012-11-06
"587",7e-04,45.77,4,0.78,2012-11-07
"588",0,49.38,6.51,0.75,2012-11-08
"589",0,61.01,7.84,0.71,2012-11-09
"590",0.00874,66.25,14.56,0.68,2012-11-10
"591",0.00766,68.07,21.17,0.65,2012-11-11
"592",0.00139,43.72,17.62,0.66,2012-11-12
"593",0,39.04,7.31,0.56,2012-11-13
"594",0,43.83,8.57,0.59,2012-11-14
"595",0,46.49,5.62,0.65,2012-11-15
"596",0,50.86,3.79,0.64,2012-11-16
"597",0,50.88,5.97,0.65,2012-11-17
"598",0,54.94,6.48,0.6,2012-11-18
"599",0.00124,56.81,8.16,0.59,2012-11-19
"600",0,52.92,4.61,0.75,2012-11-20
"601",0.00186,56.03,6.73,0.85,2012-11-21
"602",0.00694,62.17,17.61,0.72,2012-11-22
"603",0,45.87,19.68,0.59,2012-11-23
"604",0,33.75,9.97,0.59,2012-11-24
"605",0,43,9.96,0.59,2012-11-25
"606",0,35.89,9.74,0.54,2012-11-26
"607",0,34.79,8.4,0.48,2012-11-27
"608",0,46.06,8.58,0.51,2012-11-28
"609",0,49.69,10.69,0.59,2012-11-29
"610",0,52,6.21,0.65,2012-11-30
"611",0,59.27,10.77,0.78,2012-12-01
"612",0.00113,60.33,8.98,0.78,2012-12-02
"613",0.00027,69.64,14.72,0.82,2012-12-03
"614",0,61.71,11.67,0.51,2012-12-04
"615",0,40.69,11.03,0.61,2012-12-05
"616",0,45.59,10.86,0.71,2012-12-06
"617",0.00361,45.22,8.08,0.79,2012-12-07
"618",0.00294,42.07,13.79,0.8,2012-12-08
"619",0.00615,41.46,11.56,0.86,2012-12-09
"620",0,38.67,12.51,0.77,2012-12-10
"621",0,36.59,11.21,0.68,2012-12-11
"622",0,44.41,12.86,0.62,2012-12-12
"623",0,47.3,15.41,0.57,2012-12-13
"624",0,47.21,6.87,0.65,2012-12-14
"625",0.00724,50.24,13.23,0.77,2012-12-15
"626",0.00014,50.19,11.23,0.81,2012-12-16
"627",0,39.77,5.6,0.74,2012-12-17
"628",0,41.45,9.14,0.78,2012-12-18
"629",0.00056,42.42,9.26,0.78,2012-12-19
"630",0.03762,48.53,19.38,0.86,2012-12-20
"631",0.00014,34,21.99,0.72,2012-12-21
"632",0,32.51,8.59,0.69,2012-12-22
"633",0,35.12,8.84,0.77,2012-12-23
"634",0,34.4,11.2,0.72,2012-12-24
"635",0.00014,32.97,13.34,0.73,2012-12-25
"636",0,32.97,22.41,0.68,2012-12-26
"637",0,32.41,10.05,0.78,2012-12-27
"638",0.00014,31.59,6.89,0.82,2012-12-28
"639",0,31.31,12.58,0.79,2012-12-29
"640",0,33.47,10.85,0.7,2012-12-30
"641",0,23.96,9.94,0.57,2012-12-31
"642",0,28.34,9.79,0.56,2013-01-01
"643",0,28.34,10.97,0.58,2013-01-02
"644",0,30.14,12.58,0.7,2013-01-03
"645",0,35.96,14.39,0.69,2013-01-04
"646",0.00085,36.54,11.17,0.78,2013-01-05
"647",0,36.33,12.69,0.74,2013-01-06
"648",0,38.36,14.28,0.71,2013-01-07
"649",0,40.43,11.86,0.69,2013-01-08
"650",0.00029,50.11,15.9,0.56,2013-01-09
"651",0.00749,45.69,8.53,0.7,2013-01-10
"652",0.01189,53.83,14.63,0.88,2013-01-11
"653",0.00194,52.39,14.58,0.74,2013-01-12
"654",0.0018,31.4,8.43,0.8,2013-01-13
"655",0,25.73,6.93,0.65,2013-01-14
"656",0,32.2,4.06,0.65,2013-01-15
"657",0,35.73,12.75,0.67,2013-01-16
"658",0,32.85,11.14,0.56,2013-01-17
"659",0,41.99,16.23,0.65,2013-01-18
"660",0,47.05,19.25,0.6,2013-01-19
"661",0,28.5,13.54,0.46,2013-01-20
"662",0,15.25,16.53,0.49,2013-01-21
"663",0,15.95,12.21,0.52,2013-01-22
"664",0,19.97,11.89,0.56,2013-01-23
"665",0,23.61,11.86,0.56,2013-01-24
"666",0.00125,28,12.03,0.66,2013-01-25
"667",0,29.22,8.34,0.6,2013-01-26
"668",0.00555,36.54,12.93,0.75,2013-01-27
"669",0.00704,48.98,11.55,0.91,2013-01-28
"670",0.02224,60.53,15.32,0.91,2013-01-29
"671",0.01448,50.98,13.15,0.88,2013-01-30
"672",0,20.93,19.07,0.66,2013-01-31
"673",0,15.42,13.97,0.63,2013-02-01
"674",0.00253,24.01,10.99,0.76,2013-02-02
"675",0.00043,23.52,10.48,0.7,2013-02-03
"676",0.00197,28.93,8.5,0.82,2013-02-04
"677",0.00057,33.25,9.63,0.78,2013-02-05
"678",0.0026,36.42,7.97,0.69,2013-02-06
"679",0.01986,34.91,8.76,0.85,2013-02-07
"680",0.00029,33.13,15.02,0.82,2013-02-08
"681",0.00082,40.38,8.4,0.73,2013-02-09
"682",0.0057,49.08,15.81,0.8,2013-02-10
"683",0,46.89,24.08,0.65,2013-02-11
"684",0,34.51,10.27,0.71,2013-02-12
"685",0,43.56,8.72,0.73,2013-02-13
"686",0,39.17,14.54,0.66,2013-02-14
"687",0,33.25,11.64,0.56,2013-02-15
"688",0,23.5,12.06,0.53,2013-02-16
"689",0.00042,39.49,7.74,0.49,2013-02-17
"690",0.00569,51.31,20.31,0.64,2013-02-18
"691",0,32.12,21.09,0.68,2013-02-19
"692",0,24.56,11.17,0.6,2013-02-20
"693",0.00069,29.32,13.46,0.7,2013-02-21
"694",0.0031,34.51,13.67,0.83,2013-02-22
"695",0,30.81,11.94,0.71,2013-02-23
"696",0,36.86,6.44,0.67,2013-02-24
"697",0.00056,37.63,6.94,0.69,2013-02-25
"698",0.00961,35.22,18.89,0.81,2013-02-26
"699",0.00255,34.31,8.75,0.9,2013-02-27
"700",0.00042,34.43,16.67,0.81,2013-02-28
"701",0.00014,30.3,13.16,0.77,2013-03-01
"702",0,30.43,12.4,0.67,2013-03-02
"703",0,31.02,7.75,0.58,2013-03-03
"704",0.00099,33.39,8.67,0.69,2013-03-04
"705",0.01052,32.79,14.39,0.85,2013-03-05
"706",0,33.76,13.47,0.78,2013-03-06
"707",0,35.37,6.22,0.67,2013-03-07
"708",0,38.4,7.29,0.69,2013-03-08
"709",0.00139,45.26,11.92,0.67,2013-03-09
"710",0.02564,53.61,11.36,0.82,2013-03-10
"711",0.00266,49.4,12.41,0.91,2013-03-11
"712",0.00014,36.11,15.14,0.71,2013-03-12
"713",0,33.34,14.46,0.55,2013-03-13
"714",0,35.92,8.21,0.68,2013-03-14
"715",0.00598,40.73,7.07,0.83,2013-03-15
"716",0,35.2,12.7,0.82,2013-03-16
"717",0,34.1,14.6,0.61,2013-03-17
"718",0.00169,35.24,14.36,0.78,2013-03-18
"719",0,33.19,22.68,0.55,2013-03-19
"720",0,26.33,15.35,0.51,2013-03-20
"721",0,31.19,9.73,0.52,2013-03-21
"722",0,35.18,6.64,0.56,2013-03-22
"723",0,36.07,7.91,0.64,2013-03-23
"724",0.00029,35.27,18.06,0.68,2013-03-24
"725",0,36.64,20.24,0.68,2013-03-25
"726",0,38.76,8.62,0.58,2013-03-26
"727",0,40.23,7.22,0.53,2013-03-27
"728",0,45.45,5.75,0.49,2013-03-28
"729",0,48.05,4.31,0.45,2013-03-29
"730",0,56.57,9.13,0.56,2013-03-30
"731",0,56.79,14.9,0.64,2013-03-31
"732",0,39.09,13.15,0.44,2013-04-01
"733",0,39.7,9.67,0.41,2013-04-02
"734",0,45.55,7.56,0.46,2013-04-03
"735",0,55.29,8.24,0.43,2013-04-04
"736",0,51.59,13.76,0.52,2013-04-05
"737",0.00027,68.06,18.15,0.45,2013-04-06
"738",0.00057,55.58,13.23,0.67,2013-04-07
"739",0.01777,64.96,15.03,0.73,2013-04-08
"740",0.00608,49.23,11.25,0.87,2013-04-09
"741",0.01279,44.27,16.12,0.92,2013-04-10
"742",0.01469,48.18,11.63,0.94,2013-04-11
"743",0.00055,44.65,13.65,0.76,2013-04-12
"744",0.00055,56.96,13.53,0.63,2013-04-13
"745",0.00112,64.65,13.96,0.56,2013-04-14
"746",0.00867,63.48,16.45,0.71,2013-04-15
"747",0.00611,47.09,8.16,0.68,2013-04-16
"748",0.0277,54.28,13.36,0.78,2013-04-17
"749",0.05761,61.88,13.46,0.9,2013-04-18
"750",0,43.2,20.13,0.68,2013-04-19
"751",0,44.91,11.49,0.52,2013-04-20
"752",0,55.98,11.63,0.44,2013-04-21
"753",0.0032,59.94,10.14,0.46,2013-04-22
"754",0.01665,59.29,11.38,0.73,2013-04-23
"755",0.00113,49.36,11.75,0.66,2013-04-24
"756",0.00212,56.91,12.23,0.57,2013-04-25
"757",0,64.67,12.82,0.51,2013-04-26
"758",0,61.64,7.51,0.59,2013-04-27
"759",0.00289,59.62,5.91,0.77,2013-04-28
"760",0,75.17,11.76,0.65,2013-04-29
"761",0,82.75,17.52,0.55,2013-04-30
"762",0,78.63,10.58,0.51,2013-05-01
"763",0.00315,66.4,16.94,0.7,2013-05-02
"764",0.00098,53.8,13.65,0.85,2013-05-03
"765",0.00029,64.06,7.8,0.64,2013-05-04
"766",0,58.87,9.68,0.56,2013-05-05
"767",0,59.68,8.84,0.47,2013-05-06
"768",0,63.96,6.43,0.46,2013-05-07
"769",0.00014,66.4,4.39,0.52,2013-05-08
"770",0.01759,70.59,5.97,0.61,2013-05-09
"771",0.00563,47.73,15.18,0.86,2013-05-10
"772",0,58.39,10.75,0.65,2013-05-11
"773",0,49.37,10.97,0.49,2013-05-12
"774",0,64.2,7.75,0.51,2013-05-13
"775",0,81.69,12.06,0.42,2013-05-14
"776",0,79.33,10.88,0.42,2013-05-15
"777",0,77.18,5.05,0.48,2013-05-16
"778",0,65.27,6.57,0.54,2013-05-17
"779",0,73.05,6.34,0.64,2013-05-18
"780",0,77.7,6.95,0.61,2013-05-19
"781",0.03499,88.18,15.6,0.54,2013-05-20
"782",0.01052,79.42,13.27,0.72,2013-05-21
"783",0.02597,71.66,9.08,0.77,2013-05-22
"784",0.00237,54.83,20.6,0.76,2013-05-23
"785",0,50.86,11.92,0.56,2013-05-24
"786",0.00014,56.1,4.59,0.59,2013-05-25
"787",0.00014,61.74,6.17,0.61,2013-05-26
"788",0.00191,64.6,10.32,0.85,2013-05-27
"789",0.02079,78.2,11.77,0.83,2013-05-28
"790",0.00069,80.5,9.77,0.72,2013-05-29
"791",0.01016,80.41,16.23,0.67,2013-05-30
"792",0.00837,76.33,13.34,0.78,2013-05-31
"793",0.01649,73.63,13.78,0.77,2013-06-01
"794",0.00042,64.11,8.87,0.81,2013-06-02
"795",0,61.75,5.48,0.61,2013-06-03
"796",0,64.77,6.56,0.57,2013-06-04
"797",0.00014,67.82,9.2,0.58,2013-06-05
"798",0.00408,59.53,10.05,0.69,2013-06-06
"799",0,62.52,10.54,0.61,2013-06-07
"800",0,69.8,5.32,0.49,2013-06-08
"801",0,78.2,8.39,0.57,2013-06-09
"802",0.00625,70.69,5.05,0.8,2013-06-10
"803",0.01476,78.77,5.68,0.71,2013-06-11
"804",0.01216,79.06,7.67,0.74,2013-06-12
"805",0.00247,65.56,14,0.68,2013-06-13
"806",0,68.87,9.4,0.63,2013-06-14
"807",0.00615,77.27,6.96,0.7,2013-06-15
"808",0,83.04,10.27,0.63,2013-06-16
"809",0.00316,86.34,7.81,0.54,2013-06-17
"810",0,65.12,14.19,0.72,2013-06-18
"811",0,72.79,7.27,0.52,2013-06-19
"812",0,78.77,7.24,0.56,2013-06-20
"813",0.01705,82.78,10.27,0.66,2013-06-21
"814",0.00057,78.74,9.28,0.74,2013-06-22
"815",0.00626,85.26,11.07,0.71,2013-06-23
"816",0.00531,83.77,10.61,0.75,2013-06-24
"817",0.00043,84.59,9.06,0.73,2013-06-25
"818",0.03396,78.79,9.58,0.77,2013-06-26
"819",0.02185,86.85,5.84,0.72,2013-06-27
"820",0.00765,79.64,9.81,0.64,2013-06-28
"821",0,67.58,13.02,0.78,2013-06-29
"822",0,69.37,14.78,0.63,2013-06-30
"823",0,69.34,14.04,0.57,2013-07-01
"824",0,65.02,12.65,0.69,2013-07-02
"825",0.00238,72.07,5.95,0.82,2013-07-03
"826",0,78.8,8.21,0.69,2013-07-04
"827",0,78.96,6.63,0.63,2013-07-05
"828",0,81.09,6.26,0.68,2013-07-06
"829",0,85.76,8.65,0.67,2013-07-07
"830",0.01294,84.97,11.8,0.75,2013-07-08
"831",0.00027,83.15,8.5,0.77,2013-07-09
"832",0,80.36,8.6,0.68,2013-07-10
"833",0,75.59,6.74,0.56,2013-07-11
"834",0,76.14,5.86,0.57,2013-07-12
"835",0,78.55,7.19,0.6,2013-07-13
"836",0,81.73,8.78,0.66,2013-07-14
"837",0.00184,84.32,5.36,0.72,2013-07-15
"838",0.00027,89.12,7.32,0.67,2013-07-16
"839",0,88.61,6.72,0.62,2013-07-17
"840",0,93.08,8.28,0.63,2013-07-18
"841",0.00095,94.31,14.83,0.58,2013-07-19
"842",0.00151,81.86,8.03,0.64,2013-07-20
"843",0,83.02,8.63,0.63,2013-07-21
"844",0,83.69,8.75,0.64,2013-07-22
"845",0.00125,79.91,13.77,0.62,2013-07-23
"846",0,72.44,11.88,0.54,2013-07-24
"847",0,75.87,4.86,0.58,2013-07-25
"848",0.005,72.15,11.05,0.69,2013-07-26
"849",0,67.29,10.66,0.68,2013-07-27
"850",0,68.19,10.37,0.61,2013-07-28
"851",0,69.47,8.09,0.64,2013-07-29
"852",0.00057,72.18,6.01,0.7,2013-07-30
"853",0.00981,76.8,5,0.82,2013-07-31
"854",9e-05,76.71,7.26,0.65,2013-08-01
"855",0.02889,82.11,7.22,0.7,2013-08-02
"856",0,74.43,9.28,0.59,2013-08-03
"857",0,70.31,7.32,0.68,2013-08-04
"858",0.00141,74.55,9.14,0.67,2013-08-05
"859",0.00057,80.81,9.29,0.75,2013-08-06
"860",0.00027,84.29,9.99,0.72,2013-08-07
"861",0,75.1,11.48,0.61,2013-08-08
"862",0,79.08,5.58,0.6,2013-08-09
"863",0,76.01,7.21,0.6,2013-08-10
"864",0.00115,77.6,4.51,0.62,2013-08-11
"865",0.01657,82.38,8.56,0.68,2013-08-12
"866",0,70.22,13.31,0.61,2013-08-13
"867",0,68.43,8.53,0.59,2013-08-14
"868",0,72.94,5.8,0.61,2013-08-15
"869",0,76.82,5.05,0.57,2013-08-16
"870",0,75.74,6.24,0.62,2013-08-17
"871",0,77.17,5.92,0.64,2013-08-18
"872",0,81.34,5.09,0.61,2013-08-19
"873",0,85.65,7.82,0.59,2013-08-20
"874",0.00082,88.23,9.46,0.6,2013-08-21
"875",0.00826,77.81,8.8,0.81,2013-08-22
"876",0,77.52,7.96,0.63,2013-08-23
"877",0,80.73,7.88,0.59,2013-08-24
"878",0,87.25,10.27,0.54,2013-08-25
"879",0,89.26,9.67,0.62,2013-08-26
"880",0,92.77,12.58,0.62,2013-08-27
"881",0,84.52,10.55,0.71,2013-08-28
"882",0.00129,79.44,4.14,0.72,2013-08-29
"883",0.00619,93.91,7.87,0.69,2013-08-30
"884",0.02067,76.35,7.02,0.81,2013-08-31
"885",0.0041,79.68,5.76,0.75,2013-09-01
"886",0,72.98,10.98,0.71,2013-09-02
"887",0,74.23,6.64,0.62,2013-09-03
"888",0,80.58,6.13,0.62,2013-09-04
"889",0,75.16,10.16,0.6,2013-09-05
"890",0,81,8.13,0.56,2013-09-06
"891",0.00014,84.44,8.27,0.64,2013-09-07
"892",0,82.69,11.7,0.74,2013-09-08
"893",0,92.29,10.67,0.66,2013-09-09
"894",0,93.65,12.66,0.49,2013-09-10
"895",0,87.2,8.47,0.6,2013-09-11
"896",0.00229,79.82,10.75,0.64,2013-09-12
"897",0,64.97,15.59,0.57,2013-09-13
"898",0,70.21,7.58,0.57,2013-09-14
"899",0.01287,62.06,7.09,0.71,2013-09-15
"900",3e-04,61.85,12.85,0.68,2013-09-16
"901",0,67.42,9.09,0.64,2013-09-17
"902",0.0191,79.35,9.05,0.67,2013-09-18
"903",0.0059,78.9,10.99,0.79,2013-09-19
"904",7e-04,76.87,10.38,0.72,2013-09-20
"905",0,63.92,10.52,0.65,2013-09-21
"906",0,62.57,5.23,0.65,2013-09-22
"907",0,64.6,7.69,0.65,2013-09-23
"908",0,66.32,7.78,0.64,2013-09-24
"909",0,66.38,7.37,0.68,2013-09-25
"910",0,70.25,6.37,0.67,2013-09-26
"911",0,75.02,7.13,0.56,2013-09-27
"912",0,81.79,12.02,0.55,2013-09-28
"913",0.0071,74.03,6.54,0.69,2013-09-29
"914",0,70.55,3.36,0.63,2013-09-30
"915",0,77.54,12.92,0.74,2013-10-01
"916",0,71.22,2.9,0.6,2013-10-02
"917",0.0355,76.16,8.02,0.84,2013-10-03
"918",0,74.29,2.74,0.83,2013-10-04
"919",0.0331,78.73,7.97,0.85,2013-10-05
"920",0.0032,68.34,8.86,0.7,2013-10-06
"921",0,66.09,6.67,0.67,2013-10-07
"922",0,71.31,6.25,0.63,2013-10-08
"923",0,66.03,4.58,0.62,2013-10-09
"924",0,69.33,4.97,0.67,2013-10-10
"925",0,71.14,7.34,0.59,2013-10-11
"926",4e-04,72.16,6.98,0.68,2013-10-12
"927",0,61.11,5.78,0.61,2013-10-13
"928",0,59.41,8.93,0.66,2013-10-14
"929",0.0018,63.39,9.42,0.76,2013-10-15
"930",0,53.73,11.06,0.74,2013-10-16
"931",0.0059,52.26,8.02,0.83,2013-10-17
"932",0,49.39,8.83,0.76,2013-10-18
"933",4e-04,52.83,10.05,0.65,2013-10-19
"934",4e-04,63.47,8.35,0.66,2013-10-20
"935",0.0011,56.66,10.65,0.63,2013-10-21
"936",5e-04,41.47,6.3,0.77,2013-10-22
"937",0,44.52,9.99,0.67,2013-10-23
"938",0,42.04,10.25,0.57,2013-10-24
"939",0,50.03,10.04,0.56,2013-10-25
"940",0,52.85,11.64,0.5,2013-10-26
"941",0,53.73,7.73,0.59,2013-10-27
"942",0,52.06,8.75,0.72,2013-10-28
"943",0,54.19,7.42,0.69,2013-10-29
"944",0.0165,59.34,6.3,0.89,2013-10-30
"945",0.0389,64.27,10.48,0.93,2013-10-31
"946",0.0033,48.97,13.89,0.79,2013-11-01
"947",4e-04,46.64,7.68,0.84,2013-11-02
"948",0,50.87,3.37,0.74,2013-11-03
"949",0,56.15,14.83,0.63,2013-11-04
"950",6e-04,54.77,10.85,0.76,2013-11-05
"951",0.0308,56.3,10.36,0.84,2013-11-06
"952",0,44.25,9.91,0.71,2013-11-07
"953",0,47.39,7.28,0.67,2013-11-08
"954",0,57.45,16.37,0.55,2013-11-09
"955",0,47.75,9.21,0.58,2013-11-10
"956",0.0041,47.39,8.88,0.69,2013-11-11
"957",0,33.57,11.72,0.61,2013-11-12
"958",0,38.82,14.47,0.59,2013-11-13
"959",0,49.39,17.07,0.49,2013-11-14
"960",1e-04,48.35,12.44,0.59,2013-11-15
"961",0.0063,60.65,16.25,0.85,2013-11-16
"962",0.0179,68,16.22,0.82,2013-11-17
"963",0,43.65,16.7,0.65,2013-11-18
"964",0,39.58,1.37,0.72,2013-11-19
"965",0.0065,43.27,11.26,0.69,2013-11-20
"966",0.0018,50.75,4.76,0.83,2013-11-21
"967",0.0011,43.67,11.74,0.79,2013-11-22
"968",0,29.31,14.68,0.55,2013-11-23
"969",0,25.78,7.69,0.5,2013-11-24
"970",4e-04,31.52,14.03,0.66,2013-11-25
"971",0,35.61,8.6,0.69,2013-11-26
"972",0,28.27,12.28,0.56,2013-11-27
"973",0,33.39,7.27,0.54,2013-11-28
"974",0,34.77,2.64,0.63,2013-11-29
"975",0,49.54,11.18,0.59,2013-11-30
"976",0,40.7,5.49,0.8,2013-12-01
"977",0.0025,40.74,6.4,0.74,2013-12-02
"978",3e-04,49.61,8.77,0.91,2013-12-03
"979",0,56.61,10,0.9,2013-12-04
"980",0,41.32,14.97,0.68,2013-12-05
"981",0,22.21,9.46,0.61,2013-12-06
"982",0,19.18,6.53,0.59,2013-12-07
"983",0.0037,25.48,7.03,0.74,2013-12-08
"984",0,26.09,15.35,0.72,2013-12-09
"985",0,21.97,14.46,0.64,2013-12-10
"986",4e-04,19.58,9.63,0.67,2013-12-11
"987",0,19.82,11.57,0.65,2013-12-12
"988",6e-04,30.56,4.17,0.72,2013-12-13
"989",0.0063,30.05,8.49,0.88,2013-12-14
"990",0,24.33,12.91,0.72,2013-12-15
"991",6e-04,21.73,2.49,0.73,2013-12-16
"992",0,32.88,12.87,0.77,2013-12-17
"993",0,34.87,11.59,0.63,2013-12-18
"994",0.0018,39.96,2.84,0.81,2013-12-19
"995",0.007,36.75,7.84,0.93,2013-12-20
"996",0.0074,35.18,8.16,0.93,2013-12-21
"997",0.0032,34.18,7.78,0.88,2013-12-22
"998",0,26.13,13.64,0.73,2013-12-23
"999",1e-04,17.35,8.33,0.68,2013-12-24
"1000",0.0011,27.21,11.56,0.78,2013-12-25
"1001",0,34.97,9.87,0.71,2013-12-26
"1002",0,42.43,10.97,0.72,2013-12-27
"1003",0,50.03,14.03,0.65,2013-12-28
"1004",0,39.08,8.66,0.74,2013-12-29
"1005",3e-04,14.65,6.77,0.64,2013-12-30
"1006",0.0043,15.02,7.42,0.74,2013-12-31
"1007",0.0018,21.52,14.06,0.82,2014-01-01
"1008",0.0019,20.84,13.84,0.75,2014-01-02
"1009",0,19.75,12.64,0.66,2014-01-03
"1010",0.0043,32.13,15.44,0.74,2014-01-04
"1011",0.0054,29.85,21.39,0.79,2014-01-05
"1012",0,-0.58,19.9,0.6,2014-01-06
"1013",0,3.93,11.81,0.66,2014-01-07
"1014",0,14.69,3.69,0.69,2014-01-08
"1015",0,27.58,6.08,0.8,2014-01-09
"1016",0.0216,41.28,11.01,0.93,2014-01-10
"1017",0.0033,41.67,12.34,0.85,2014-01-11
"1018",0,44.03,15.07,0.73,2014-01-12
"1019",0,46.01,12.39,0.69,2014-01-13
"1020",0,34.97,13.14,0.76,2014-01-14
"1021",0,22.21,9.84,0.68,2014-01-15
"1022",0,34.27,15.08,0.72,2014-01-16
"1023",2e-04,21.06,12,0.67,2014-01-17
"1024",0.0019,20.85,5.51,0.8,2014-01-18
"1025",0,38.7,14.97,0.75,2014-01-19
"1026",7e-04,36.91,9.71,0.77,2014-01-20
"1027",6e-04,19.56,13.5,0.64,2014-01-21
"1028",0,15.24,8.55,0.68,2014-01-22
"1029",0,10.55,15.23,0.58,2014-01-23
"1030",1e-04,25.59,21.2,0.64,2014-01-24
"1031",0,31.98,15.89,0.57,2014-01-25
"1032",0.1194,31.56,11.88,0.68,2014-01-26
"1033",0,7.23,16.92,0.56,2014-01-27
"1034",0,3.48,11.04,0.62,2014-01-28
"1035",0,22.6,12.31,0.54,2014-01-29
"1036",0,33.12,20.44,0.63,2014-01-30
"1037",3e-04,29.81,3.22,0.69,2014-01-31
"1038",0.0066,30.42,6.91,0.87,2014-02-01
"1039",0,24.25,7.93,0.68,2014-02-02
"1040",0,22.21,3.6,0.64,2014-02-03
"1041",7e-04,24.39,5.8,0.71,2014-02-04
"1042",0.0032,24.48,14.47,0.77,2014-02-05
"1043",0,11.61,11.8,0.68,2014-02-06
"1044",0,11.82,10.88,0.64,2014-02-07
"1045",0.0012,16.21,5.61,0.74,2014-02-08
"1046",0,19.08,8.96,0.71,2014-02-09
"1047",0,13.28,8.59,0.58,2014-02-10
"1048",0,14.15,4.14,0.61,2014-02-11
"1049",0,23.45,6.56,0.65,2014-02-12
"1050",0,31.64,9.53,0.62,2014-02-13
"1051",0,22.31,9.66,0.67,2014-02-14
"1052",8e-04,23.9,5,0.67,2014-02-15
"1053",0,25.53,5.87,0.71,2014-02-16
"1054",0.0075,28.61,8.27,0.79,2014-02-17
"1055",0,44.76,10.86,0.67,2014-02-18
"1056",0,44.21,7.01,0.67,2014-02-19
"1057",0.017,49.63,6.87,0.88,2014-02-20
"1058",0,37.69,23.36,0.62,2014-02-21
"1059",0,34.85,12.45,0.49,2014-02-22
"1060",0,28.06,11.62,0.52,2014-02-23
"1061",0,24.61,12.66,0.56,2014-02-24
"1062",0,22.59,12.73,0.56,2014-02-25
"1063",0,18.69,14.02,0.53,2014-02-26
"1064",0,19.09,12.01,0.43,2014-02-27
"1065",0,30.46,10.83,0.52,2014-02-28
"1066",0.0027,31.34,10.43,0.71,2014-03-01
"1067",8e-04,12.45,14.45,0.62,2014-03-02
"1068",0,15.25,3.51,0.59,2014-03-03
"1069",0,26.52,4.1,0.56,2014-03-04
"1070",0.0013,22.32,11.99,0.72,2014-03-05
"1071",0,27.06,6.87,0.63,2014-03-06
"1072",0,45.69,7.72,0.64,2014-03-07
"1073",2e-04,37.94,12,0.78,2014-03-08
"1074",0,41.42,12.59,0.71,2014-03-09
"1075",0,53.95,15.42,0.62,2014-03-10
"1076",0.0021,47.12,6.09,0.74,2014-03-11
"1077",0.008,33.05,20.6,0.73,2014-03-12
"1078",0,38.05,10.16,0.72,2014-03-13
"1079",0,52.99,17.1,0.61,2014-03-14
"1080",0,39.21,6.63,0.69,2014-03-15
"1081",0,29.28,21.37,0.59,2014-03-16
"1082",0,36.36,8.41,0.54,2014-03-17
"1083",0,47.57,10.8,0.66,2014-03-18
"1084",0.0086,45.12,9.58,0.82,2014-03-19
"1085",1e-04,42.1,4.17,0.69,2014-03-20
"1086",0,56.98,4.87,0.7,2014-03-21
"1087",0,44.54,10.68,0.64,2014-03-22
"1088",0,29.79,9.42,0.59,2014-03-23
"1089",0,32.62,2.46,0.55,2014-03-24
"1090",7e-04,30.34,12.42,0.54,2014-03-25
"1091",0,38.39,6.94,0.45,2014-03-26
"1092",0.0038,52.21,20.17,0.72,2014-03-27
"1093",0.0012,54.02,2.52,0.81,2014-03-28
"1094",0,36.41,12.09,0.75,2014-03-29
"1095",0,53.24,3.66,0.57,2014-03-30
"1096",4e-04,63.25,16.26,0.43,2014-03-31
"1097",2e-04,55.87,17.62,0.53,2014-04-01
"1098",0,44.31,9.89,0.67,2014-04-02
"1099",0.0213,40.85,12.92,0.9,2014-04-03
"1100",2e-04,45.91,11.17,0.8,2014-04-04
"1101",0,43.13,1.32,0.53,2014-04-05
"1102",0,50.46,6.49,0.5,2014-04-06
"1103",0,46.25,6.76,0.63,2014-04-07
"1104",7e-04,49.43,3.08,0.68,2014-04-08
"1105",0,60.67,5.15,0.54,2014-04-09
"1106",0,63.05,11.61,0.48,2014-04-10
"1107",0,68.01,2.97,0.39,2014-04-11
"1108",0,76.42,14.21,0.44,2014-04-12
"1109",0.0086,70.21,6.75,0.77,2014-04-13
"1110",0.0063,65.17,9.89,0.84,2014-04-14
"1111",3e-04,34.45,6.63,0.62,2014-04-15
"1112",0,50.21,14.53,0.5,2014-04-16
"1113",0,60.3,10.19,0.48,2014-04-17
"1114",0,48.37,8.68,0.71,2014-04-18
"1115",0,55.19,7.31,0.63,2014-04-19
"1116",0,74.82,9.82,0.37,2014-04-20
"1117",0.0135,74.53,9.1,0.58,2014-04-21
"1118",0,59.99,9.47,0.63,2014-04-22
"1119",0,44.44,10.24,0.6,2014-04-23
"1120",0.0016,60.54,11.34,0.51,2014-04-24
"1121",0.0037,68.25,7.89,0.55,2014-04-25
"1122",2e-04,61.38,12.21,0.62,2014-04-26
"1123",0.0011,56.64,15.52,0.63,2014-04-27
"1124",0.0152,54.14,15.32,0.75,2014-04-28
"1125",0.0142,61.11,4.2,0.79,2014-04-29
"1126",2e-04,52.56,9.46,0.78,2014-04-30
"1127",0.0026,48.67,13.73,0.81,2014-05-01
"1128",3e-04,52.79,10.63,0.78,2014-05-02
"1129",8e-04,66.09,13.08,0.53,2014-05-03
"1130",0,60.63,4.92,0.46,2014-05-04
"1131",0.001,51.39,13.26,0.64,2014-05-05
"1132",0,57.11,12.84,0.6,2014-05-06
"1133",0,71.73,7.74,0.55,2014-05-07
"1134",0,88.34,14.6,0.52,2014-05-08
"1135",0.0504,73.24,13.66,0.7,2014-05-09
"1136",0,72.78,2.79,0.5,2014-05-10
"1137",0.0083,82.41,8.46,0.57,2014-05-11
"1138",0.0094,82.7,12.41,0.76,2014-05-12
"1139",0.0036,69.08,9.17,0.83,2014-05-13
"1140",4e-04,54.37,11.08,0.67,2014-05-14
"1141",0.0069,49.63,13.54,0.78,2014-05-15
"1142",0.0027,43.3,7.67,0.79,2014-05-16
"1143",0,57.79,6.18,0.59,2014-05-17
"1144",0,66.97,9.77,0.47,2014-05-18
"1145",0,67.66,11.34,0.45,2014-05-19
"1146",0.0198,83.71,11.63,0.6,2014-05-20
"1147",0.0016,78.37,1.28,0.68,2014-05-21
"1148",0,64.19,5.64,0.68,2014-05-22
"1149",0,59.11,5.91,0.69,2014-05-23
"1150",0,63.91,3.86,0.64,2014-05-24
"1151",0,76.42,3.47,0.58,2014-05-25
"1152",0.002,83.95,5.9,0.63,2014-05-26
"1153",0.0062,82.7,5.85,0.76,2014-05-27
"1154",0.0132,61.5,8.45,0.78,2014-05-28
"1155",0,64.87,8.35,0.77,2014-05-29
"1156",0,68.75,5.39,0.68,2014-05-30
"1157",0,79.5,4.76,0.6,2014-05-31
"1158",0,86.94,11.42,0.54,2014-06-01
"1159",0.0064,82.14,14.27,0.68,2014-06-02
"1160",0,76.3,4.75,0.54,2014-06-03
"1161",0.0037,68.23,7.02,0.77,2014-06-04
"1162",0,67.53,5.41,0.63,2014-06-05
"1163",0,72.52,4.36,0.53,2014-06-06
"1164",1e-04,78.11,5.71,0.53,2014-06-07
"1165",0.0117,64.9,16.43,0.71,2014-06-08
"1166",0,67.13,7.44,0.69,2014-06-09
"1167",0.0176,61.06,9.4,0.81,2014-06-10
"1168",0.0085,63,4.6,0.9,2014-06-11
"1169",4e-04,80.33,7.67,0.72,2014-06-12
"1170",0,66.12,4.03,0.53,2014-06-13
"1171",0,74.53,7.56,0.45,2014-06-14
"1172",0,82.73,14.34,0.53,2014-06-15
"1173",0,83.65,5.76,0.61,2014-06-16
"1174",0,86.35,10.75,0.63,2014-06-17
"1175",0.0092,81.31,3.76,0.78,2014-06-18
"1176",0.0161,72.31,5.69,0.87,2014-06-19
"1177",0.0034,81.98,1.65,0.8,2014-06-20
"1178",0.0199,76.56,1.61,0.85,2014-06-21
"1179",0,69.51,4.27,0.86,2014-06-22
"1180",0.0039,77.32,1.22,0.84,2014-06-23
"1181",0.0158,79.34,1.26,0.82,2014-06-24
"1182",8e-04,69.78,7.12,0.88,2014-06-25
"1183",0,67.22,5.69,0.87,2014-06-26
"1184",0,85.18,5.92,0.71,2014-06-27
"1185",0.0058,82.64,11.09,0.74,2014-06-28
"1186",0.002,85.25,13.11,0.74,2014-06-29
"1187",0.0614,84.82,10.05,0.81,2014-06-30
"1188",0.0037,80.42,11.74,0.7,2014-07-01
"1189",0.0042,72.23,6.26,0.75,2014-07-02
"1190",0.0024,70.91,2.07,0.65,2014-07-03
"1191",0,72.44,1.85,0.58,2014-07-04
"1192",2e-04,76.7,8.67,0.59,2014-07-05
"1193",0,84.8,12.3,0.7,2014-07-06
"1194",0.0146,80.79,6.22,0.7,2014-07-07
"1195",0.0151,80.71,10.82,0.61,2014-07-08
"1196",0,73.31,3.39,0.67,2014-07-09
"1197",0,72.61,5.86,0.67,2014-07-10
"1198",1e-04,77.01,5.26,0.57,2014-07-11
"1199",0.0666,79.09,9.53,0.78,2014-07-12
"1200",0.0107,85.22,8.86,0.71,2014-07-13
"1201",0.0114,75.43,3.49,0.64,2014-07-14
"1202",0.0014,67.87,10.22,0.68,2014-07-15
"1203",2e-04,67.69,4.12,0.68,2014-07-16
"1204",0,72.88,3.73,0.62,2014-07-17
"1205",0,75.52,6.5,0.61,2014-07-18
"1206",0,75.16,3.1,0.64,2014-07-19
"1207",0,77.86,3.02,0.67,2014-07-20
"1208",0,82.56,7.22,0.64,2014-07-21
"1209",1e-04,87.67,11.48,0.69,2014-07-22
"1210",0.002,74.76,17.31,0.69,2014-07-23
"1211",0,69.83,7.49,0.65,2014-07-24
"1212",0,73.74,9.13,0.66,2014-07-25
"1213",0,77.85,5.2,0.73,2014-07-26
"1214",0.0014,85.61,10.96,0.68,2014-07-27
"1215",0,66.96,13.95,0.61,2014-07-28
"1216",1e-04,73.56,2.82,0.65,2014-07-29
"1217",0,72.19,2.43,0.73,2014-07-30
"1218",0,82.36,8.11,0.63,2014-07-31
"1219",0.0068,77.74,4.03,0.68,2014-08-01
"1220",0,76.38,2.01,0.64,2014-08-02
"1221",0,82.46,3.09,0.64,2014-08-03
"1222",0.0385,80.89,1.71,0.73,2014-08-04
"1223",0.0099,74.83,3.15,0.82,2014-08-05
"1224",0,74.27,6.26,0.69,2014-08-06
"1225",0,76.3,7.79,0.67,2014-08-07
"1226",0,77.18,10.82,0.66,2014-08-08
"1227",0,75.29,9.78,0.65,2014-08-09
"1228",0,75.25,7.63,0.69,2014-08-10
"1229",0.0485,76.84,5.46,0.8,2014-08-11
"1230",9e-04,70.01,10.58,0.79,2014-08-12
"1231",0,78.54,3.53,0.69,2014-08-13
"1232",0,67.94,8.7,0.61,2014-08-14
"1233",0,75.86,5.29,0.58,2014-08-15
"1234",0,79.18,8.07,0.72,2014-08-16
"1235",0,71.79,7.2,0.87,2014-08-17
"1236",0,78.89,0.7,0.79,2014-08-18
"1237",0.0046,83.54,10.71,0.74,2014-08-19
"1238",0,85.19,7.56,0.68,2014-08-20
"1239",0.0393,78.18,5.39,0.88,2014-08-21
"1240",0.0622,83.71,3.72,0.82,2014-08-22
"1241",0.0094,79.92,2.39,0.88,2014-08-23
"1242",0,82.12,7.22,0.8,2014-08-24
"1243",0.0318,84.88,5.48,0.81,2014-08-25
"1244",0,80.01,0.26,0.78,2014-08-26
"1245",0,75.77,6.8,0.74,2014-08-27
"1246",4e-04,73.07,8.78,0.69,2014-08-28
"1247",0.0014,82.56,11.27,0.75,2014-08-29
"1248",0.0054,83.1,12.13,0.74,2014-08-30
"1249",0,84.07,7.72,0.75,2014-08-31
"1250",0.0042,82.29,12.19,0.75,2014-09-01
"1251",3e-04,79.73,2.87,0.7,2014-09-02
"1252",0,81.39,5.15,0.64,2014-09-03
"1253",0.0077,84.31,12.54,0.72,2014-09-04
"1254",0.0132,86.07,8.44,0.77,2014-09-05
"1255",0,71.08,7.02,0.65,2014-09-06
"1256",0,74.67,0.66,0.63,2014-09-07
"1257",0,76.6,6.75,0.6,2014-09-08
"1258",2e-04,77.93,8.88,0.67,2014-09-09
"1259",0.03,79.31,9.49,0.81,2014-09-10
"1260",0,58.38,11.8,0.74,2014-09-11
"1261",0.0026,55.97,10.46,0.82,2014-09-12
"1262",4e-04,55.56,6.43,0.75,2014-09-13
"1263",0,65.28,5.9,0.67,2014-09-14
"1264",2e-04,60.18,3.11,0.79,2014-09-15
"1265",0,63.85,3.23,0.71,2014-09-16
"1266",0,66.68,3.43,0.67,2014-09-17
"1267",0,66.51,4.94,0.77,2014-09-18
"1268",0,73.93,10.63,0.6,2014-09-19
"1269",0.0015,77.34,12.63,0.74,2014-09-20
"1270",0.0045,70.98,10.91,0.72,2014-09-21
"1271",0,63.78,4.25,0.66,2014-09-22
"1272",0,71.25,2.57,0.64,2014-09-23
"1273",0,73.35,4.04,0.65,2014-09-24
"1274",0,72.19,3.3,0.71,2014-09-25
"1275",0,72.59,3.89,0.72,2014-09-26
"1276",0,71.53,3.47,0.76,2014-09-27
"1277",0,71.78,3.28,0.79,2014-09-28
"1278",0,80.62,3.12,0.74,2014-09-29
"1279",1e-04,56.6,11.75,0.8,2014-09-30
"1280",0,68.94,9.94,0.68,2014-10-01
"1281",0.0038,71.89,8.85,0.8,2014-10-02
"1282",0.0343,65.86,12.46,0.79,2014-10-03
"1283",0.0011,47.77,14.88,0.68,2014-10-04
"1284",0,54.1,10.79,0.62,2014-10-05
"1285",5e-04,60.64,9.87,0.63,2014-10-06
"1286",0,66.14,10.58,0.62,2014-10-07
"1287",0,65.41,11.06,0.51,2014-10-08
"1288",0,57.06,4.7,0.51,2014-10-09
"1289",0,57.15,6.95,0.67,2014-10-10
"1290",0,56.81,5.4,0.61,2014-10-11
"1291",8e-04,62.46,10.19,0.65,2014-10-12
"1292",0.016,69.09,8.04,0.92,2014-10-13
"1293",0.0221,66.26,5.93,0.91,2014-10-14
"1294",0.0023,56.23,11.46,0.94,2014-10-15
"1295",1e-04,56.67,4.58,0.9,2014-10-16
"1296",2e-04,60.7,11.39,0.78,2014-10-17
"1297",6e-04,50.71,12.03,0.74,2014-10-18
"1298",0,54.98,9.19,0.73,2014-10-19
"1299",2e-04,60.47,4.75,0.74,2014-10-20
"1300",6e-04,52.44,12.85,0.76,2014-10-21
"1301",0,51.88,4.56,0.75,2014-10-22
"1302",3e-04,58.79,7,0.77,2014-10-23
"1303",2e-04,62.82,4.13,0.75,2014-10-24
"1304",0,66.95,8.48,0.68,2014-10-25
"1305",2e-04,58.03,1.46,0.58,2014-10-26
"1306",0.002,74.04,10.66,0.67,2014-10-27
"1307",0.0032,64.95,13.17,0.69,2014-10-28
"1308",0,48.48,9.25,0.68,2014-10-29
"1309",0,50.86,5.35,0.74,2014-10-30
"1310",0.0048,46.46,21.95,0.72,2014-10-31
